Library,Line,Cohort,Chrom,Inv,Sample_Ind_N,Inv_F,Std_F,N_Inv,N_Std,N_Recomb,N_Mismap,N_Multmap
192par2L,192,Parental ♂,2L,t,298,0.5,0.5,20,20,0,33,0
192emb2L,192,Embryo,2L,t,1514,0.25,0.75,10,30,0,130,0
192eaf2L,192,Early ♀,2L,t,259,0.3333333333333333,0.6666666666666667,20,40,0,28,0
192laf2L,192,Late ♀,2L,t,272,0.3333333333333333,0.6666666666666667,10,20,0,28,0
192eam2L,192,Early ♂,2L,t,237,0.49,0.51,9,11,0,30,0
192lam2L,192,Late ♂,2L,t,275,0.1,0.9,8,72,0,61,0
